{"packages/cupertino_icons/assets/CupertinoIcons.ttf":["packages/cupertino_icons/assets/CupertinoIcons.ttf"],"packages/flutter_sound/assets/js/async_processor.js":["packages/flutter_sound/assets/js/async_processor.js"],"packages/flutter_sound/assets/js/tau_web.js":["packages/flutter_sound/assets/js/tau_web.js"],"packages/flutter_sound_web/howler/howler.js":["packages/flutter_sound_web/howler/howler.js"],"packages/flutter_sound_web/src/flutter_sound.js":["packages/flutter_sound_web/src/flutter_sound.js"],"packages/flutter_sound_web/src/flutter_sound_player.js":["packages/flutter_sound_web/src/flutter_sound_player.js"],"packages/flutter_sound_web/src/flutter_sound_recorder.js":["packages/flutter_sound_web/src/flutter_sound_recorder.js"],"packages/flutter_sound_web/src/flutter_sound_stream_processor.js":["packages/flutter_sound_web/src/flutter_sound_stream_processor.js"],"packages/media_kit/assets/web/hls1.4.10.js":["packages/media_kit/assets/web/hls1.4.10.js"],"packages/wakelock_plus/assets/no_sleep.js":["packages/wakelock_plus/assets/no_sleep.js"]}